player,overall_elo,hard_elo,clay_elo,grass_elo,carpet_elo
Jannik Sinner,2224.8414074375723,2155.407208335382,1936.6540422321755,1762.346790980335,1500
Carlos Alcaraz,2096.69921953963,2025.0139631818852,1960.5514190975864,1829.3729414924587,1500
Novak Djokovic,2000.9106399645873,1953.0103441096956,1865.3330119037716,1784.5286658014072,1500
Alexander Zverev,1945.8656651126519,1892.3516383074827,1832.6437619039398,1637.305352205337,1500
Arthur Fils,1903.7233101049007,1781.2891224394368,1778.6767484636773,1535.6410348210318,1500
Daniil Medvedev,1849.3408337189978,1862.2617360233212,1681.0568288467864,1670.2716774478154,1500
Felix Auger Aliassime,1830.4797957420283,1807.2169002964763,1632.8341680163803,1543.6609778850839,1500
Ben Shelton,1808.5377853298519,1777.8919743625875,1644.9467665747513,1547.117613697126,1500
Jack Draper,1805.4572032823196,1804.4476651748673,1637.7290508325952,1621.4320223506095,1500
Tommy Paul,1803.6711092978048,1737.9765956039137,1732.0185672821644,1628.5490094900408,1500
Jiri Lehecka,1798.1200239357418,1740.0583175450884,1639.4464144231747,1588.3226042133103,1500
Alex De Minaur,1793.5620530201911,1810.361254338496,1657.0771178647067,1664.4619382381268,1500
Lorenzo Musetti,1789.4642802932601,1733.6045640544157,1787.9037366990217,1626.0309828225363,1500
Taylor Fritz,1779.8516141975772,1737.9140642305254,1629.8225078226676,1741.02934910518,1500
Joao Fonseca,1759.7581233750084,1735.578031107722,1608.9579782052397,1500.5682934852184,1500
Jakub Mensik,1757.457501285802,1732.4253056395546,1602.1538665832736,1506.0168912809654,1500
Valentin Vacherot,1754.3370621938816,1703.9775539250525,1560.7600122483866,1500.0,1500
Francisco Cerundolo,1747.1974087362469,1716.7314365981367,1707.4748547552933,1463.141183402493,1500
Sebastian Korda,1746.6196855281923,1723.6650139212977,1564.7746289757124,1592.0742217799352,1500
Casper Ruud,1746.0285991541011,1668.1607693912454,1787.193640739339,1482.1589374967757,1500
Alexander Bublik,1743.4309313508654,1683.6696114717997,1651.7110312151071,1664.7283227383975,1500
Flavio Cobolli,1739.4950036916605,1620.6587236547912,1715.172515844886,1561.723603058527,1500
Frances Tiafoe,1736.7106546946143,1711.4105578388105,1606.1446814193096,1546.5783316144664,1500
Rafael Nadal,1730.0092085588083,1657.547333341362,1735.311881698666,1569.9083860663357,1500
Rafael Jodar,1723.9467756757776,1533.9920993380683,1673.4253897053793,1500.0,1500
Learner Tien,1723.7769629953543,1750.1670401839788,1436.1236117549965,1513.0474519606066,1500
Cameron Norrie,1717.367300701063,1650.3029285747787,1685.1506347767872,1590.7441398616247,1500
Holger Rune,1716.4086639680897,1728.2793060666374,1703.1560078896946,1559.539465549187,1500
Tomas Martin Etcheverry,1713.8084456263732,1598.8916674322102,1669.651559719917,1431.8103163466317,1500
Andrey Rublev,1710.7089392017594,1666.5415363410953,1682.8055785247577,1611.7308510936004,1500
Tomas Machac,1688.7911699482356,1668.1411326824998,1593.3220626094148,1495.15122022991,1500
Alejandro Davidovich Fokina,1687.5765950953025,1666.8729808607693,1604.608923089219,1528.169428539877,1500
Ugo Humbert,1673.962273264799,1699.4376804188328,1407.2392465106334,1526.9546796474347,1500
Nick Kyrgios,1673.5039145801472,1625.475030750575,1532.453540434373,1616.1648045897468,1500
Alex Michelsen,1671.6241934922925,1683.4239082944268,1445.288925463408,1548.1345859795647,1500
Hubert Hurkacz,1667.2971464703028,1613.4631708353172,1675.4096949707296,1620.8413969204896,1500
Stefanos Tsitsipas,1666.3566326953426,1660.8865341807814,1732.3763081676325,1524.1358410585792,1500
Matteo Berrettini,1665.5730644357025,1699.164240475341,1655.2002839344889,1672.619601847959,1500
Arthur Rinderknech,1663.4946835512812,1622.387926417732,1527.0585497311115,1518.4641701106884,1500
Alexander Blockx,1655.619373753566,1484.0057195314016,1636.5133949083709,1482.998628196322,1500
Thanasi Kokkinakis,1653.9200776794771,1627.1828041844644,1499.088744831629,1504.5583628021514,1500
Alex Molcan,1649.67001645952,1532.9952023852095,1637.0898028903794,1486.4828838835394,1500
Jaume Munar,1646.7929610544759,1619.7770865335474,1497.841333757464,1490.8373977462363,1500
Alejandro Tabilo,1639.7742540002725,1556.5719023335548,1578.986349308915,1545.5456364154227,1500
Yannick Hanfmann,1635.5115096862878,1598.314366278074,1593.773362178392,1455.2173539919647,1500
Zizou Bergs,1632.7071627301227,1611.181376900465,1473.156002708515,1476.9697063928704,1500
Grigor Dimitrov,1622.87505407459,1670.8307788377838,1588.426033599193,1598.69769996562,1500
Marin Cilic,1621.2376982633677,1609.5172844169708,1484.6410951607963,1625.5071240077386,1500
Corentin Moutet,1621.2233817660883,1594.7890397707938,1550.7640037557078,1540.5825292671057,1500
Tallon Griekspoor,1618.8777655747585,1646.960529597187,1541.5716909007263,1609.9578807185642,1500
Karen Khachanov,1618.140130677174,1612.9589673586934,1618.7670516821142,1596.6892688883697,1500
Botic Van De Zandschulp,1617.8888540754301,1586.9152228284152,1557.7138429397983,1485.861052972474,1500
Brandon Nakashima,1616.696793189718,1622.171412789818,1505.2233055993104,1571.0976926044877,1500
Raphael Collignon,1614.9359321389693,1594.2694983248057,1497.9402597951935,1488.8079971961286,1500
Hamad Medjedovic,1613.512333575058,1590.347932194634,1521.5784008106361,1489.7351050874515,1500
Denis Shapovalov,1613.1126220767164,1654.405984989381,1500.6468248167737,1509.7340377803716,1500
Vit Kopriva,1609.23531074246,1492.1857472387608,1602.2810794531806,1479.86439398357,1500
Thiago Agustin Tirante,1608.467158960966,1504.83755567323,1591.4404400383862,1500.0,1500
Fabian Marozsan,1608.2348959721342,1590.1828386412958,1559.8759438583345,1442.4025641021653,1500
Luciano Darderi,1607.5983477046764,1433.3963572607652,1686.0085981700938,1471.066294136679,1500
Kamil Majchrzak,1602.5011001514363,1590.2422297999012,1469.537347494766,1528.9453195284027,1500
Milos Raonic,1599.2927087785804,1588.7776980928038,1482.9626444899045,1531.622849100955,1500
Jenson Brooksby,1598.544926083027,1586.7088980414005,1512.4624056474895,1560.6778908429337,1500
Kei Nishikori,1593.941807118296,1584.9288931775368,1529.8761912553643,1480.6739656862426,1500
Marton Fucsovics,1592.8452872725763,1574.7134628404795,1544.3302243314708,1573.7243677302172,1500
Darian King,1590.9459602047536,1592.1066250607182,1515.0317142250367,1500.0,1500
Benjamin Bonzi,1589.0359730699472,1558.4892646883072,1467.1023328400279,1475.5425113318433,1500
Terence Atmane,1584.3045432429644,1540.662003560241,1499.4581377501568,1500.0,1500
Michael Mmoh,1583.7421579113866,1590.7360074401515,1464.117148583744,1502.9373249024686,1500
Eliot Spizzirri,1582.1258423803285,1573.8699211738913,1500.0,1485.1061342841876,1500
Lorenzo Sonego,1581.5824260296272,1590.8204525436017,1454.821970610642,1542.5131868887945,1500
Arthur Cazaux,1578.6272846169488,1519.2108241724109,1534.045051610555,1495.3283817584477,1500
Roger Federer,1578.2808207247424,1502.22370994876,1521.475786785889,1551.0464323640902,1500
Sebastian Baez,1578.0829085903374,1539.717038215057,1561.273175432961,1431.8962630152255,1500
Yibing Wu,1577.642367697439,1601.3270456638797,1456.7995091669409,1463.5284892768327,1500
Gabriel Diallo,1576.7888689522515,1559.5472897321374,1514.2309156560902,1567.6687344668105,1500
Jordan Thompson,1576.525836975942,1588.3223780744581,1407.3557027030881,1573.1943346881415,1500
Mariano Navone,1576.1238156880304,1408.3747341281587,1632.0486842803655,1460.6305420210551,1500
Reilly Opelka,1575.741164995623,1602.4320407127739,1483.4538397452147,1517.9172540541826,1500
Coleman Wong,1573.4815445229715,1583.4550657717984,1465.6964811560124,1485.5263315536865,1500
Daniel Merida Aguilar,1569.1090802561555,1488.649464942693,1567.3292708858105,1500.0,1500
Marcos Giron,1568.5140231588537,1548.984524180555,1457.7526581837778,1562.6084748668034,1500
Yosuke Watanuki,1567.454218934141,1557.3606440313301,1493.2933795758622,1515.8751179736466,1500
Emil Ruusuvuori,1560.284146321748,1592.2918040325574,1443.2480139097038,1501.5980132019745,1500
Alexander Shevchenko,1558.2021546750263,1569.5142004142951,1473.3665899001612,1455.257738282504,1500
Jurij Rodionov,1557.2235492562465,1527.2587321621586,1516.7717444256048,1482.3229836591058,1500
Zsombor Piros,1556.866706529969,1533.3584264071,1525.7386161093946,1500.0,1500
Daniel Evans,1556.196536870017,1517.0971599018283,1420.3499852173686,1494.5896724814513,1500
Juncheng Shang,1555.7814590423366,1531.3849976509205,1447.7096053563846,1518.0505552686027,1500
Martin Damm,1555.039738065473,1547.0418770538506,1492.8164542701975,1500.0,1500
Gael Monfils,1554.8503536186315,1605.6413146124917,1472.416726382865,1499.732234519072,1500
Andres Andrade,1554.1620597703584,1532.3849350424318,1529.9427832440344,1500.0,1500
Ignacio Buse,1554.097917152826,1466.462592428682,1557.5273556859254,1500.0,1500
Jerome Kym,1553.9339681681602,1537.5119981258426,1511.8013959854327,1500.0,1500
Roman Andres Burruchaga,1551.887500058691,1500.0,1539.6322854442471,1500.0,1500
Soon Woo Kwon,1551.794816212445,1542.3937299999848,1472.9366588699056,1498.2870309296877,1500
Dominik Koepfer,1550.6069333943003,1541.3227170570647,1510.1019876922169,1443.7539581381582,1500
Pablo Carreno Busta,1550.399692953813,1543.189135104262,1550.8282060084925,1470.8972438891092,1500
Henrique Rocha,1548.801442588394,1555.7545683377746,1494.7387657655865,1500.0,1500
Filip Jeff Planinsek,1546.9818882509066,1516.000855763531,1531.263693206478,1500.0,1500
Oliver Ojakaar,1546.4902023242257,1516.0,1531.9638052330497,1500.0,1500
Camilo Ugo Carabelli,1546.4527626747586,1462.9891273638325,1578.8582433630957,1458.5975931675548,1500
Cezar Cretu,1545.8752761207263,1545.7593148281146,1500.0,1500.0,1500
Alexei Popyrin,1545.8142447970217,1519.5254406435847,1571.524347630746,1425.861059087877,1500
Titouan Droguet,1545.284257371853,1529.5087872890504,1507.5360467809708,1500.0,1500
Matteo Gigante,1544.2190759811458,1502.4145809554566,1520.9882247653888,1500.0,1500
Daniel Vallejo,1543.3092717720058,1500.0,1542.7498936521943,1500.0,1500
Vilius Gaubas,1541.2877598555983,1484.8839162470306,1530.9848205164906,1500.0,1500
Dalibor Svrcina,1540.37926713658,1531.2270600814468,1482.3572981424113,1500.0,1500
Dhakshineswar Suresh,1540.1003397292204,1532.1531520827905,1500.0,1500.0,1500
Jan Lennard Struff,1539.9239640908854,1484.534278322341,1591.8336088181939,1560.1367090167978,1500
Miomir Kecmanovic,1539.893576556925,1558.250542986826,1468.1340195736013,1486.7716845629566,1500
Ricardas Berankis,1538.9329384934408,1566.543750257265,1430.8329814687766,1485.8070624117493,1500
Karim Bennani,1537.0735757372665,1531.263693206478,1506.5460826842227,1500.0,1500
Nuno Borges,1536.609597570526,1540.5073272549944,1516.375584611268,1468.846789869707,1500
Mohamed Safwat,1536.3130023376377,1486.6561223523047,1549.0207676023242,1500.0,1500
Ethan Quinn,1535.4046912729034,1497.6926210332913,1509.7063129187386,1503.003820830133,1500
Philip Henning,1532.4676538740632,1571.048304312696,1453.9287917800889,1500.0,1500
Nam Hoang Ly,1531.9339267400128,1532.7023986633528,1500.0,1500.0,1500
Franco Agamenone,1531.8937173782253,1500.0,1528.294102911364,1500.0,1500
Adolfo Daniel Vallejo,1531.6005998895428,1500.0,1519.1326389365695,1500.0,1500
Leandro Riedi,1531.387690583705,1546.9315835170264,1482.0409679103025,1484.0,1500
Quentin Halys,1531.3532351982763,1524.826409761942,1531.3634608542015,1494.8929162399718,1500
Ammar Elamin,1531.263693206478,1531.263693206478,1500.0,1500.0,1500
Daniel Adeleye,1531.263693206478,1531.263693206478,1500.0,1500.0,1500
Freddy Murray,1531.263693206478,1516.0,1516.0,1500.0,1500
Dino Prizmic,1531.0295203576807,1494.794902512792,1514.1587661786916,1500.0,1500
Tim Van Rijthoven,1530.959249402771,1467.0848835410734,1500.0,1563.4857340234598,1500
Lukas Neumayer,1530.9561697224747,1514.8100606622231,1511.7632847194818,1500.0,1500
Radu David Turcanu,1530.830079799446,1530.5472004579315,1500.1849122519102,1500.0,1500
Rinky Hijikata,1530.8078057603811,1544.6348048300688,1396.0545240321385,1460.3345967257867,1500
Markus Molder,1530.6520872679364,1530.6009052683355,1500.0,1500.0,1500
Altug Celikbilek,1530.538883042669,1560.049890200293,1484.0,1484.0,1500
Aqeel Khan,1530.1157253210138,1514.6687374410606,1500.0,1515.3205519679402,1500
Marcelo Arevalo,1530.0224828859225,1525.1464822297403,1513.6463873451237,1500.0,1500
Elmer Moller,1529.9439766320615,1516.5681615448734,1514.781492133646,1486.255403268296,1500
Martyn Pawelski,1529.7694931452206,1529.8468543466133,1500.0,1500.0,1500
Melios Efstathiou,1529.3520143324538,1516.0939348484017,1515.263693206478,1500.0,1500
Genaro Alberto Olivieri,1528.6231417244649,1500.0,1524.2765940302627,1500.0,1500
Diego Duran,1528.5318860669156,1542.984468790143,1483.263693206478,1500.0,1500
Alex Knaff,1528.487815997868,1554.6639411560886,1479.5120402092477,1500.0,1500
Sylvestre Monnou,1527.960083665377,1527.9602034128802,1500.0,1500.0,1500
Giovanni Mpetshi Perricard,1527.851520774209,1515.5219194909214,1484.729122372582,1491.7117520641957,1500
Alexandre Muller,1527.7802332490633,1502.6822845764932,1551.9924183154537,1477.5604546769139,1500
Roberto Cid,1527.4411635151498,1545.0386739825528,1484.0,1500.0,1500
Jack Loutit,1527.1540403774134,1528.8032823742883,1500.0,1500.0,1500
Mark Lajal,1526.7049299951884,1511.255704739364,1468.8190031299591,1511.9126025454714,1500
Andrea Vavassori,1526.2528679356499,1510.9108247112108,1516.4841748351312,1471.6505879819786,1500
Roberto Bautista Agut,1526.2302507026811,1498.0606630444047,1485.216077242283,1597.2231464796714,1500
Antoine Bellier,1525.5699868083364,1488.6381903520328,1500.0,1532.520859820325,1500
Franco Roncadelli,1524.9162676491533,1517.3043392394445,1513.1466330326405,1500.0,1500
John Isner,1524.791769950263,1502.637240148269,1542.2228619572895,1534.6282947212449,1500
Kasidit Samrej,1524.7836429021995,1541.1699926411318,1483.263693206478,1500.0,1500
Aristotelis Thanos,1524.652894125388,1491.37219203528,1531.8690986403308,1500.0,1500
Robert Strombachs,1523.2989119107594,1523.8486134870402,1500.0,1500.0,1500
Gabriel Ghetu,1522.9303606891397,1543.3957576900382,1484.580879740898,1500.0,1500
Alexander Vasilev,1521.59416974748,1500.0,1509.1829490206842,1500.0,1500
Juan Pablo Ficovich,1521.4663402769656,1522.441086746269,1492.0834767431888,1500.0,1500
Arthur Gea,1520.6751233292441,1518.9850069018812,1500.0,1500.0,1500
Jesper De Jong,1520.4474633458012,1491.0117475560592,1552.1075623666525,1459.3479745856655,1500
Lukas Pokorny,1519.8671702326767,1500.0,1521.0297217076197,1500.0,1500
Demetris Azoides,1519.6134369135743,1515.7348896133246,1500.0,1500.0,1500
Emilio Nava,1519.3693842673142,1452.9109270434717,1521.111876572612,1485.8235878766716,1500
Alvaro Guillen Meza,1518.6428027219463,1484.0,1528.9961617869906,1500.0,1500
Gijs Brouwer,1518.5294363035023,1516.202278820518,1507.467314347408,1484.6276867673064,1500
Adrian Mannarino,1518.4026083055428,1556.611609745685,1310.0954093577031,1550.064496919483,1500
Roman Safiullin,1516.9440087989449,1551.4497813317478,1457.4636269344176,1488.516474909798,1500
Hazem Naw,1516.8649579377916,1515.4572003289113,1500.0,1500.0,1500
Fitriadi M Rifqi,1516.6070569348299,1532.6363624771307,1484.0,1500.0,1500
Remy Bertola,1516.5287147911467,1516.9025868800563,1500.0,1500.0,1500
Yu Hsiou Hsu,1516.3551727345002,1510.1154044100967,1500.0,1500.0,1500
Christian Harrison,1516.2938867730857,1530.6597170325126,1487.232868242321,1501.111416910838,1500
Konstantinos Megalemos,1516.0,1516.0,1500.0,1500.0,1500
Karan Singh,1516.0,1516.0,1500.0,1500.0,1500
Hernando Jose Escurra Isnardi,1516.0,1500.0,1516.0,1500.0,1500
Mustapha El Natour,1516.0,1500.0,1516.0,1500.0,1500
Photos Photiades,1516.0,1516.0,1500.0,1500.0,1500
Ruan Roelofse,1516.0,1516.0,1500.0,1500.0,1500
Orlando Luz,1516.0,1500.0,1516.0,1500.0,1500
Atakan Karahan,1516.0,1516.0,1500.0,1500.0,1500
Mert Naci Turker,1516.0,1516.0,1500.0,1500.0,1500
Sten Hiiesalu,1516.0,1516.0,1500.0,1500.0,1500
Digvijaypratap Singh,1516.0,1516.0,1500.0,1500.0,1500
Filip Pieczonka,1516.0,1500.0,1516.0,1500.0,1500
Ainius Sabaliauskas,1516.0,1516.0,1500.0,1500.0,1500
Tom Kocevar Desman,1516.0,1500.0,1516.0,1500.0,1500
Justin Barki,1516.0,1516.0,1500.0,1500.0,1500
Boris Arias,1516.0,1500.0,1516.0,1500.0,1500
Nicholas Campbell,1516.0,1516.0,1500.0,1500.0,1500
Daniel Antonio Nunez,1516.0,1500.0,1516.0,1500.0,1500
Conner Huertas Del Pino,1516.0,1500.0,1516.0,1500.0,1500
Benedict Badza,1516.0,1516.0,1500.0,1500.0,1500
Nicolas Mahut,1516.0,1516.0,1500.0,1500.0,1500
Gonzalo Escobar,1515.9983610763013,1515.9983610763013,1500.0,1500.0,1500
Karol Filar,1515.9481329903717,1500.0,1515.2355546910105,1500.0,1500
Yuttana Charoenphon,1515.9309597842812,1516.0,1500.0,1500.0,1500
Khumoun Sultanov,1515.7353311960305,1513.7927425360924,1500.0,1500.0,1500
James Watt,1515.4205132050186,1515.262796242824,1500.0,1500.0,1500
Lucas Miedler,1515.371660115943,1515.3003780239126,1500.0,1500.0,1500
Pawit Sornlaksup,1515.2831754111664,1515.3194275754968,1500.0,1500.0,1500
Diego Fernandez Flores,1515.263693206478,1500.0,1515.263693206478,1500.0,1500
Andreas Timini,1515.263693206478,1500.0,1515.263693206478,1500.0,1500
Niki Kaliyanda Poonacha,1515.2545424561679,1500.0,1500.0,1515.9352361556116,1500
Eriks Valeinis,1515.1857350805483,1516.0,1500.0,1500.0,1500
Arda Azkara,1515.1122487662624,1515.121446203868,1500.0,1500.0,1500
Pijus Vaitiekunas,1515.0842431441658,1515.1369952431457,1500.0,1500.0,1500
Mert Alkaya,1514.8738398536964,1500.0,1514.5641271217237,1500.0,1500
Matwe Middelkoop,1514.774693406538,1514.7891585871757,1500.0,1500.0,1500
Ziga Sesko,1514.7435636125217,1515.264588384311,1500.0,1500.0,1500
Taha Baadi,1514.7251787749792,1545.177979936171,1471.5914501430893,1500.0,1500
Cleeve Harper,1514.517296962008,1514.5238874348954,1500.0,1500.0,1500
Mika Brunold,1514.417801178768,1513.7045116795628,1500.0,1500.0,1500
Pablo Llamas Ruiz,1514.226080150764,1493.5645009927346,1507.3232766095496,1500.0,1500
Juan Carlos Prado Angelo,1514.1771068633614,1500.962578027026,1516.0,1500.0,1500
Ioannis Xilas,1514.163419078349,1513.800538080905,1500.0,1500.0,1500
Oliver Tarvet,1514.0232750738023,1500.0,1500.0,1511.0957039576701,1500
Jack Pinnington Jones,1513.9410949139262,1525.8373987241375,1487.7518313640273,1480.5488653391765,1500
Nishesh Basavareddy,1513.8973894280741,1522.1013721849208,1482.154015319661,1451.1191665648594,1500
Max Purcell,1513.748475230199,1469.257080383857,1454.1737654892574,1487.730991760942,1500
Cristian Garin,1513.2159936444655,1487.393100039757,1523.6303053593467,1534.4943319164333,1500
Filip Misolic,1513.0095620124982,1443.0494656165758,1576.4246366676248,1485.6232216696505,1500
Iliyan Radulov,1512.800591288577,1515.224960631127,1499.263693206478,1500.0,1500
Andy Murray,1512.2420023903942,1546.21457989212,1447.167419202495,1528.2731745855651,1500
Borna Gojo,1512.045106641118,1567.1538413529277,1425.6840437327332,1466.1991770607485,1500
Mikael Ymer,1511.8684490534085,1519.8896118363225,1464.4164676194127,1498.8386410858598,1500
Yassine Dlimi,1511.7162265528007,1530.2553204220098,1484.0,1500.0,1500
Blaise Bicknell,1510.8754338946924,1524.4039738152958,1482.5612260339533,1500.0,1500
Guy Den Ouden,1510.6436293859942,1509.42747881518,1500.0,1500.0,1500
Bor Artnak,1510.2886745745677,1516.0,1498.611305869559,1500.0,1500
Aslan Karatsev,1509.9679125548803,1498.5472852048085,1492.2682415072236,1461.346783138986,1500
Maks Kasnikowski,1509.914497685209,1491.3535924314226,1515.263693206478,1500.0,1500
Nick Hardt,1508.3267305438,1517.8936084851553,1490.3182323866436,1500.0,1500
Giles Hussey,1507.972264339673,1500.0,1500.0,1498.2958142674943,1500
Stan Wawrinka,1507.9406995509983,1530.8495913173258,1432.844618246926,1505.4232706920682,1500
Jacopo Berrettini,1507.6564440194054,1504.0660047591307,1500.0,1500.0,1500
Osgar Ohoisin,1506.9042392862752,1504.2323102548085,1500.736306793522,1500.0,1500
Jacob Fearnley,1506.887719823039,1467.031067971396,1552.0859785744044,1486.2336853582633,1500
Mats Moraing,1506.6484115663116,1500.0,1501.9452240928445,1500.0,1500
Govind Nanda,1506.5405812924996,1508.6406497573826,1500.0,1500.0,1500
Rodrigo Pacheco Mendez,1506.1811141653268,1473.2681477867668,1531.263693206478,1500.0,1500
Thomas Yaka Kofi Setodji,1505.9959679572798,1504.355428123791,1500.0,1500.0,1500
Yanki Erel,1505.3359381728374,1517.0479413595708,1486.2719466308604,1500.0,1500
Olaf Pieczkowski,1505.105563023926,1501.7401502341304,1500.0,1500.0,1500
Andrea Pellegrino,1504.9220319359952,1500.0,1501.3557331185891,1500.0,1500
Nicolas Arseneault,1504.0285857168697,1503.0760949032865,1500.0,1500.0,1500
Matija Pecotic,1504.0065912512678,1502.3076327248853,1500.0,1500.0,1500
Daniil Ostapenkov,1503.509717116675,1500.0,1504.7912411714308,1500.0,1500
Alexander Erler,1503.324422461986,1500.0,1503.491307219096,1500.0,1500
Juan Manuel Cerundolo,1503.0866443163122,1482.2310503778958,1489.2949868672722,1485.8054221703633,1500
Olle Wallin,1502.815745375959,1502.593860237069,1500.0,1500.0,1500
Paul Jubb,1502.622664023807,1500.0,1500.0,1487.8126129942605,1500
Jie Cui,1502.338680105025,1499.1998792837871,1500.0,1500.0,1500
Ilya Snitari,1502.2721755006976,1532.5997009463788,1467.9081082065263,1500.0,1500
Alexandros Skorilas,1502.0834463960628,1498.1858154722347,1500.0,1500.0,1500
Ergi Kirkin,1502.005695595469,1502.5357572512585,1500.0,1500.0,1500
Ryan Peniston,1501.8755134924684,1482.5798820474902,1500.0,1490.3152249290863,1500
Moez Echargui,1501.577402201231,1513.8570767993176,1479.6391041576132,1500.0,1500
Yoshihito Nishioka,1501.4553734052477,1496.3703049657306,1487.425518132948,1438.766457583075,1500
Rio Noguchi,1501.4236515028647,1500.8322958896765,1500.0,1500.0,1500
Beibit Zhukayev,1501.411845531064,1503.6140698709685,1500.0,1484.0780097316883,1500
Simon Carr,1501.402373648406,1501.402373648406,1500.0,1500.0,1500
Stylianos Christodoulou,1501.19437044134,1499.3312356809845,1500.736306793522,1500.0,1500
August Holmgren,1500.98639757253,1470.904442724688,1500.762794801359,1522.1124926141288,1500
David Jorda Sanchis,1500.7539497522775,1500.0,1500.054833462409,1500.0,1500
Fadi Bidan,1500.736306793522,1500.0,1500.736306793522,1500.0,1500
Peter Buldorini,1500.715217077635,1502.6855611602186,1500.0,1500.0,1500
Denis Yevseyev,1500.5394442792212,1487.9871276749457,1503.8072237914364,1500.0,1500
Luis Carlos Alvarez Valdes,1500.5018092983664,1484.50314210147,1516.0,1500.0,1500
Oleksandr Ovcharenko,1500.1912380332124,1501.2068115458108,1500.0,1500.0,1500
Taym Al Azmeh,1500.1217745433084,1498.8693333978167,1500.0,1500.0,1500
Harry Bourchier,1500.0,1500.0,1500.0,1500.0,1500
Tristan Lamasine,1500.0,1500.0,1500.0,1500.0,1500
Alex Santino Nunez Vera,1499.9697735417828,1500.0,1499.263693206478,1500.0,1500
Tung Lin Wu,1499.9440012831249,1497.8843148949238,1500.0,1500.0,1500
Connor Henry Van Schalkwyk,1499.8403971493944,1500.1268760383507,1500.0,1500.0,1500
Mackenzie Mcdonald,1499.6606498955794,1470.9144631867816,1410.9820828858917,1494.1719604922964,1500
Ruben Bemelmans,1499.5580331393971,1500.0,1500.9054496409742,1500.0,1500
Blaz Rola,1499.4334375737817,1483.2298601853572,1514.9104012797711,1500.0,1500
Komlavi Loglo,1499.2976013366472,1499.2976013366472,1500.0,1500.0,1500
Andrew Harris,1499.263693206478,1499.263693206478,1500.0,1500.0,1500
Sina Moghimi,1499.1253338685028,1500.0,1499.2502340482336,1500.0,1500
David Goffin,1499.0696866852636,1488.8014861340741,1515.3590686401094,1478.0460013488887,1500
Otto Virtanen,1498.9469268948847,1504.2122578375893,1443.7018622700507,1499.072336816862,1500
Matias Soto,1498.7287601902087,1500.0,1500.3142770651134,1500.0,1500
Christopher Bulus,1498.596504939214,1500.6408555381925,1500.0,1500.0,1500
Maxim Mrva,1498.5949385492363,1498.5843142946947,1500.0,1500.0,1500
Pedja Krstin,1498.4093919221525,1500.0,1500.662771223516,1500.0,1500
Yuta Shimizu,1498.3924089166765,1483.2668797766803,1500.0,1516.0,1500
Peter Bertran,1497.921605394698,1515.9973767513031,1484.0,1500.0,1500
Jeremy Chardy,1497.8986439391094,1568.1460202161206,1444.3191848734207,1460.9442807351556,1500
Ofek Shimanov ,1497.8930159815345,1496.957060063396,1500.0,1500.0,1500
Daniel Phillips,1497.8141840193202,1497.8202236288987,1500.0,1500.0,1500
Zhizhen Zhang,1497.7208722057624,1472.2894511065792,1552.5106620087304,1490.5413555627833,1500
N Sriram Balaji,1497.491174583864,1483.9068245401982,1500.0,1516.7374656347201,1500
Hyeon Chung,1497.4895512765588,1496.5626581792703,1500.0,1500.0,1500
Hugo Nys,1497.26816164149,1478.1532893616313,1516.0,1500.0,1500
Laurynas Grigelis,1497.1936511273207,1514.5991625259544,1500.0,1483.263693206478,1500
Luca Nardi,1497.1753876084338,1503.7572925957156,1428.9798941417937,1462.875910199622,1500
Hong Kit Jack Wong,1497.1702038538556,1498.0237611769348,1500.0,1500.0,1500
Lukas Lacko,1497.1142608703983,1500.0,1500.0,1499.2652547335742,1500
Mateus Alves,1496.7992236529888,1500.0,1495.377823095831,1500.0,1500
Matthew Ebden,1496.7850446233165,1515.3538111059313,1495.309753877132,1484.0,1500
Ilya Ivashka,1496.7750823399604,1530.5067177246196,1464.3476211229672,1495.2554991823406,1500
Anton Shepp,1496.5131252580506,1498.8614964654432,1500.0,1500.0,1500
Timofey Skatov,1496.4256244549608,1457.3574039838252,1533.192746034823,1500.0,1500
Filip Horansky,1496.2355608849064,1510.2186691079457,1483.263693206478,1500.0,1500
Corentin Denolly,1495.9885389180963,1500.0,1496.8645976398125,1500.0,1500
Mario Vilella Martinez,1495.9210352639168,1498.5304331358084,1494.219930130489,1500.0,1500
Wayne Montgomery,1495.7767752030306,1495.8635320484502,1500.0,1500.0,1500
Clement Tabur,1495.7532668719439,1509.4014702199904,1484.3723454333358,1500.0,1500
Aisam Ul Haq Qureshi,1495.7045702921098,1500.0,1500.0,1501.3725787109588,1500
Liova Ayite Ajavon,1495.6827827279835,1496.3521768136623,1500.0,1500.0,1500
Johannus Monday,1495.5792859276644,1500.0,1500.0,1490.1867554964851,1500
Arthur Fery,1495.5418970862554,1498.9791168593842,1500.0,1467.8997569247492,1500
Rigele Te,1495.3622355264595,1464.8925319597492,1529.8717984002224,1500.0,1500
Gerard Campana Lee,1494.5805354419206,1493.2717780399576,1500.0,1500.0,1500
Edas Butvilas,1494.446476341751,1517.1997839114715,1486.8700054914768,1483.263693206478,1500
Zdenek Kolar,1494.3888918424595,1500.0,1507.1442743970604,1485.4374645960495,1500
Thiago Seyboth Wild,1494.3441304955827,1475.284249642553,1488.6397311782073,1503.469912599807,1500
Luis Carlos Alvarez,1494.301259181329,1497.062902846326,1500.0,1500.0,1500
Bernard Tomic,1494.1326674615827,1486.2050754481888,1500.0,1503.622370696517,1500
Kaichi Uchida,1494.0956996137372,1478.329081799562,1500.0,1516.0,1500
Manuel Guinard,1493.9579380964312,1485.5421938712554,1492.7947417141988,1500.0,1500
Duje Ajdukovic,1493.9271125522755,1499.9581347749595,1489.4948544297174,1500.0,1500
Francisco Cabral,1493.8000283587328,1500.0,1491.8714621268098,1500.0,1500
Santiago Fa Rodriguez Taverna,1493.6974962663287,1500.0,1485.4697740349657,1500.0,1500
Nicolas Barrientos,1493.2818840429534,1483.218019747766,1506.1685217268555,1500.0,1500
Chris Rodesch,1493.0089301557764,1509.378316229249,1499.3675585274348,1485.7352017276205,1500
Sanjar Fayziev,1492.8337514516716,1488.1979136491434,1500.0,1500.0,1500
Philip Sekulic,1492.7651687539073,1488.827368066799,1500.0,1500.0,1500
Alastair Gray,1492.5759962136547,1500.0,1500.0,1486.3493278580918,1500
Nicolas Alvarez Varona,1492.5464075315233,1505.9786709892696,1484.0,1500.0,1500
Matteo Arnaldi,1492.4584527193842,1510.984114090344,1559.7344147906542,1445.5933817210619,1500
Dominic Stricker,1492.2489972281885,1490.225843254792,1472.2982910881992,1495.0065813810631,1500
Yi Zhou,1492.0648708373658,1493.1807180120402,1483.2944506935282,1500.0,1500
Diego Dedura Palomero,1492.042432550724,1500.0,1480.3592699828419,1500.0,1500
Marco Trungelliti,1492.0041866918516,1430.7040113997155,1525.041531353106,1484.0,1500
Tomasz Berkieta,1491.903951709389,1487.9909793658678,1500.0,1500.0,1500
Hiroki Moriya,1491.8542647086663,1493.6370091546544,1500.0,1500.0,1500
Amir Omarkhanov,1491.6293851753167,1487.4904889522877,1500.0,1500.0,1500
Jan Zielinski,1491.5075729450518,1489.4267574671562,1500.0,1500.0,1500
Alejandro Gonzalez,1491.3562841162102,1490.5890831767033,1500.0,1500.0,1500
Christopher Eubanks,1491.1013416907103,1464.8544099085088,1444.0375289693134,1540.1776939068748,1500
Michael Geerts,1490.7534291385516,1473.6441877500913,1516.1680775845557,1500.0,1500
Carlos Gimeno Valero,1490.6608998610664,1500.0,1482.8647017255296,1500.0,1500
Alex Bolt,1490.4079550439642,1482.7930663497154,1504.7711933141618,1447.3920618912039,1500
Kyrian Jacquet,1490.188720123321,1497.6220285365405,1487.0825614733092,1500.0,1500
Adria Soriano Barrera,1489.9383814690757,1501.4959756830563,1486.0112643578555,1500.0,1500
Jozef Kovalik,1489.9302808509617,1441.205271993137,1527.5206832829608,1500.0,1500
Benjamin Balleret,1489.614699162415,1500.0,1487.6354650168582,1500.0,1500
Karue Sell,1489.6007718094866,1500.0,1485.8861952733844,1500.0,1500
Viacheslav Bielinskyi,1489.4686913737107,1466.3376037230748,1516.0,1500.0,1500
Aleksandar Vukic,1489.402232025884,1491.57609024892,1407.8064953509481,1495.5631630271484,1500
Nicolas Jarry,1489.3665570606915,1510.2754670760971,1463.5683362895707,1540.2102964489238,1500
Maxime Janvier,1489.2772256140431,1500.0,1500.0,1483.4251674574587,1500
Michael Zheng,1489.269030641949,1483.2711387425773,1500.0,1500.0,1500
Gauthier Onclin,1489.2445686077385,1489.005660410304,1500.0,1500.0,1500
Ye Cong Mo,1489.0647804217351,1489.9088092333743,1500.0,1500.0,1500
Dan Martin,1489.040760619481,1484.6331071460713,1500.0,1500.0,1500
Murphy Cassone,1489.0137362609928,1489.3351219020294,1500.0,1500.0,1500
Louis Wessels,1488.93961806728,1500.0,1500.0,1482.5625813136655,1500
Brandon Perez,1488.8339622572269,1488.7246101182002,1500.0,1500.0,1500
Matheus Pucinelli De Almeida,1488.7750986866167,1474.6392191377981,1511.1950896649494,1500.0,1500
Omni Kumar,1488.7277993600057,1494.1430007945944,1500.0,1500.0,1500
Andreja Petrovic,1488.6975137280385,1487.8168938518409,1500.0,1500.0,1500
Nikolas Sanchez Izquierdo,1488.5978750681777,1500.0,1488.4553888480716,1500.0,1500
Chak Lam Coleman Wong,1488.5460427202015,1484.9918702478305,1500.0,1500.0,1500
Luka Pavlovic,1488.1705420722037,1487.2585084476036,1500.0,1500.0,1500
Alexander Zgirovsky,1488.068158045763,1500.0,1486.0177350161885,1500.0,1500
Evan Furness,1488.0494777750678,1487.6233435229437,1500.0,1500.0,1500
Adam Neff,1487.9387804169526,1485.9964705828274,1500.0,1500.0,1500
Alibek Kachmazov,1487.6872227221916,1479.1807957557155,1500.0,1500.0,1500
Oriol Roca Batalla,1487.6384254348511,1500.0,1486.764816747988,1500.0,1500
Yanaki Milev,1487.110766312565,1481.0137154493705,1495.6343575964017,1500.0,1500
Christopher Oconnell,1486.9577493466672,1509.2572947273052,1427.3470774661173,1448.315508646004,1500
Ognjen Milic,1486.7621681058827,1500.0,1484.9495858899281,1500.0,1500
Darwin Blanch,1486.6901524439568,1484.7517846407547,1494.297268076133,1500.0,1500
Jason Kubler,1486.6433396968707,1468.933919542233,1524.5380499868027,1526.5837280418862,1500
Javier Barranco Cosano,1486.5898959664278,1500.0,1482.8004496915462,1500.0,1500
Sebastian Fanselow,1486.589158007559,1500.0,1485.4629600858218,1500.0,1500
Alex Rybakov,1486.5373199921487,1485.9605466082862,1500.0,1500.0,1500
Matthew Forbes,1486.4601466770903,1485.6928343868333,1500.0,1500.0,1500
Saba Purtseladze,1486.3261605671998,1486.662183672489,1500.0,1500.0,1500
Igor Ribeiro Marcondes,1486.3139358467286,1500.0,1486.4838956404042,1500.0,1500
Yousaf Khalil,1486.312224692274,1486.4637108247105,1500.0,1500.0,1500
William Blumberg,1486.1962196520278,1500.0,1500.0,1485.324528979653,1500
Matic Kriznik,1486.1845397266559,1470.4182587187688,1515.2676765451026,1500.0,1500
Maximus Jones,1486.1721796717984,1516.0,1468.736306793522,1500.0,1500
Patrick Kaukovalta,1486.1336155625106,1486.371624413149,1500.0,1500.0,1500
Heve Kelley,1486.0942542334872,1485.4709074264945,1500.0,1500.0,1500
Theo Papamalamis,1486.0860857701457,1481.7279183037158,1500.0,1500.0,1500
Petr Nesterov,1486.017178476003,1500.6638290299984,1484.736306793522,1500.0,1500
Christos Antonopoulos,1485.8720496294043,1500.0,1486.4591766042604,1500.0,1500
Illia Biloborodko,1485.855214427747,1484.234044484898,1500.0,1500.0,1500
Rodrigo Crespo Piedra,1485.8265836443682,1485.030649261146,1500.0,1500.0,1500
William Rejchtman Vinciguerra,1485.8215040762618,1500.0,1485.1136383914763,1500.0,1500
Stefan Dostanic,1485.6076305832019,1486.092961149,1500.0,1500.0,1500
Huzaifa Abdul Rehman,1485.5676768758103,1484.859842765615,1499.194808362822,1500.0,1500
Trent Bryde,1485.5543087292874,1485.6244742714373,1500.0,1500.0,1500
Ilie Cazac,1485.5507485857659,1485.3062652199762,1500.0,1500.0,1500
Maxim Shin,1485.5211484665645,1485.8847581675495,1500.0,1500.0,1500
Gonzalo Villanueva,1485.5100312201007,1484.0257179607536,1500.0,1500.0,1500
Kaan Isak Kosaner,1485.491096848729,1500.0,1484.736306793522,1500.0,1500
Anthony Susanto,1485.4371417400869,1485.4371417400869,1500.0,1500.0,1500
Nicolai Budkov Kjaer,1485.3272031664847,1451.1966190534763,1503.4872721761642,1500.0,1500
Aaron Gil Garcia,1485.3190927119533,1500.0,1485.2145607549787,1500.0,1500
Stefan Palosi,1485.3152326556506,1500.0,1485.2884161117029,1500.0,1500
Codie Schalk Van Schalkwyk,1485.2557480343937,1485.5259832297086,1500.0,1500.0,1500
Kevin Krawietz,1485.1919478406062,1485.0235579764562,1500.0,1500.0,1500
Lloyd Harris,1485.1901170981537,1491.8851967872085,1413.2220093369083,1501.4049776368627,1500
Michael Agwi,1485.0765969323368,1457.23980602187,1532.0942920367693,1500.0,1500
Nicholas David Ionel,1485.066562071286,1483.594812023068,1506.1707553461847,1500.0,1500
Evgenii Tiurnev,1484.8848432785844,1484.9828639475609,1500.0,1500.0,1500
Hod'abalo isak Padio,1484.7991052860298,1485.4695015289756,1500.0,1500.0,1500
Dustin Brown,1484.7902391564612,1500.0,1500.0,1484.0,1500
Luis Guto Miguel,1484.7807894497278,1500.0,1484.9792302665116,1500.0,1500
Sam Riffice,1484.7675126594722,1486.109492245041,1500.0,1500.0,1500
Mattias Siimar,1484.7564104595024,1483.3230825038875,1500.0,1500.0,1500
Alaa Trifi,1484.742279351604,1485.4886904602133,1500.0,1500.0,1500
Connor Doig,1484.7368372432352,1485.4047609884917,1500.0,1500.0,1500
Leo Matthysen,1484.736306793522,1484.736306793522,1500.0,1500.0,1500
Yacoub Makzoume,1484.736306793522,1484.736306793522,1500.0,1500.0,1500
Abdulmalek Burasais,1484.736306793522,1484.0,1500.0,1500.0,1500
Ilya Ignatov,1484.736306793522,1484.736306793522,1500.0,1500.0,1500
Alexis Galarneau,1484.722020553109,1477.2130358974382,1484.7731861067584,1500.0,1500
Jack Cheng,1484.7024671725246,1484.0,1500.0,1500.0,1500
Seydina Andre,1484.6810028352788,1500.0,1500.0,1483.9671998028464,1500
Amar Huseinovic,1484.6442011020715,1484.004534689689,1500.0,1500.0,1500
Vladimir Ivanov,1484.5516175378066,1484.0,1500.0,1500.0,1500
Steyn Dippenaar,1484.51659049821,1483.7709862999177,1500.0,1500.0,1500
Tristan Boyer,1484.4019021002377,1516.2146617283067,1455.4220806686471,1500.0,1500
Thijs Boogaard,1484.3974524931546,1484.591907445753,1500.0,1500.0,1500
Luca Van Assche,1484.370192032223,1480.6326631677757,1494.394380962905,1466.7404555911348,1500
Saud Alhogbani,1484.268217154605,1482.5989209251004,1500.0,1500.0,1500
Roberto Marcora,1484.2227141953124,1482.2954880880775,1500.0,1500.0,1500
Adam Walton,1484.1233405803007,1478.88122590425,1478.663755295855,1475.5793330996453,1500
Aleksandre Bakshi,1484.0994470594796,1483.884926400926,1500.0,1500.0,1500
Raul Garcia,1484.0339081301693,1484.0339081301693,1500.0,1500.0,1500
Noah Koffi,1484.0293055423008,1484.802411488916,1500.0,1500.0,1500
Romain Arneodo,1484.0202379556204,1484.0,1496.1382070746367,1500.0,1500
Marc Van Der Merwe,1484.0005572380373,1484.703503698853,1500.0,1500.0,1500
Luca Preda,1484.0,1484.0,1500.0,1500.0,1500
Andrea Arnaboldi,1484.0,1484.0,1500.0,1500.0,1500
Kristijan Janev,1484.0,1484.0,1500.0,1500.0,1500
Luis Patino,1484.0,1484.0,1500.0,1500.0,1500
Louis Van Herck,1484.0,1500.0,1484.0,1500.0,1500
Kwami Stanislas Dussey,1484.0,1484.0,1500.0,1500.0,1500
Walid Ahouda,1484.0,1484.0,1500.0,1500.0,1500
Kwok Shun Dasson Chan,1484.0,1484.0,1500.0,1500.0,1500
Stefan Micov,1484.0,1484.0,1500.0,1500.0,1500
Chun Hun Wong,1484.0,1484.0,1500.0,1500.0,1500
Abdulmajeed Bukhari,1484.0,1484.0,1500.0,1500.0,1500
Blake Mott,1484.0,1484.0,1500.0,1500.0,1500
Jesse Flores,1484.0,1484.0,1500.0,1500.0,1500
Kevin King,1484.0,1484.0,1500.0,1500.0,1500
Donald Young,1484.0,1484.0,1500.0,1500.0,1500
Matthew Foster Estwick,1484.0,1484.0,1500.0,1500.0,1500
Matthias Bachinger,1484.0,1484.0,1500.0,1500.0,1500
Matavao Fanguna,1484.0,1484.0,1500.0,1500.0,1500
Michael Vrbensky,1484.0,1484.0,1500.0,1500.0,1500
Marsel Ilhan,1484.0,1484.0,1500.0,1500.0,1500
Jose  Flores,1484.0,1500.0,1484.0,1500.0,1500
Min Kyu Song,1484.0,1484.0,1500.0,1500.0,1500
Hamid Reza Nadaf,1484.0,1500.0,1484.0,1500.0,1500
Marko Aleksovski,1484.0,1484.0,1500.0,1500.0,1500
Gastao Elias,1484.0,1484.0,1500.0,1500.0,1500
Eugenio Gonzalez Fitzmaurice,1484.0,1484.0,1500.0,1500.0,1500
Rafael De Alba,1484.0,1484.0,1500.0,1500.0,1500
Dimitri Badra,1484.0,1484.0,1500.0,1500.0,1500
Siim Troost,1484.0,1484.0,1500.0,1500.0,1500
Roey Tabet,1484.0,1500.0,1484.0,1500.0,1500
Abdulaziz Usmonjonov,1484.0,1484.0,1500.0,1500.0,1500
Delmas Ntcha,1484.0,1484.0,1500.0,1500.0,1500
Ronan Tashinga Mtisi,1484.0,1484.0,1500.0,1500.0,1500
Ruben Yssel,1484.0,1484.0,1500.0,1500.0,1500
Ryan Harrison,1484.0,1484.0,1500.0,1500.0,1500
Karim Ibrahim,1484.0,1500.0,1484.0,1500.0,1500
San Hui Sin,1484.0,1484.0,1500.0,1500.0,1500
Jc Aragone,1484.0,1484.0,1500.0,1500.0,1500
Daniel Azar,1484.0,1500.0,1484.0,1500.0,1500
Daniel Dutra Da Silva,1484.0,1500.0,1484.0,1500.0,1500
Kris Van Wyk,1483.9969572139726,1484.032346603073,1500.0,1500.0,1500
Dan Added,1483.9881734049347,1484.5384033802673,1500.0,1500.0,1500
canice Abua,1483.9872231585716,1483.8934466494713,1500.0,1500.0,1500
Thomas Fancutt,1483.9660918698307,1483.9660918698307,1500.0,1500.0,1500
Ki Lung Ng,1483.9660501476444,1483.9660501476444,1500.0,1500.0,1500
Oliver Crawford,1483.9419164062945,1500.0,1500.0,1482.6964081041435,1500
Alvaro Lopez San Martin,1483.9333154740184,1500.0,1485.9954977984135,1500.0,1500
Lleyton Cronje,1483.9233598045757,1500.0,1484.0,1500.0,1500
Mischa Zverev,1483.9117485535376,1483.9117485535376,1500.0,1500.0,1500
Marcos Lee Chan Baratau,1483.9048478382176,1484.4434018950083,1500.0,1500.0,1500
Roberto Carballes Baena,1483.8830841664603,1487.6553959016924,1498.479423527461,1439.136719036654,1500
Finn Reynolds,1483.7899386304346,1500.0,1500.0,1484.6442949994996,1500
Karim Mohamed Maamoun,1483.7760317302775,1500.0,1484.7023986633528,1500.0,1500
Gilles Arnaud Bailly,1483.7477043014007,1476.5490946784348,1500.0,1500.0,1500
Siu Chi Nicholas Cheng,1483.697072763173,1483.0788669251099,1500.0,1500.0,1500
Martin Klizan,1483.678097162974,1500.0,1484.1082127647385,1500.0,1500
Ammar Faleh Alhogbani,1483.5610191203464,1483.432166750323,1500.0,1500.0,1500
Tegar Abdi Satrio Wibowo,1483.5215339021288,1484.2832231367631,1500.0,1500.0,1500
Zhe Li,1483.4918585539274,1483.273037943146,1500.0,1500.0,1500
Prajnesh Gunneswaran,1483.4734726335257,1484.240918882122,1500.0,1500.0,1500
Philip Hjorth,1483.4185523611736,1483.4078801770488,1500.0,1500.0,1500
Cayetano March,1483.2852679242533,1483.8706028204986,1500.0,1500.0,1500
Stephen Slocombe,1483.263693206478,1500.0,1483.263693206478,1500.0,1500
Hamza Karmoussi,1483.263693206478,1484.0,1500.0,1500.0,1500
Edgars Manusis,1483.263693206478,1483.263693206478,1500.0,1500.0,1500
Ahmad Nael Qureshi,1483.2542110684449,1482.6510478741839,1500.0,1500.0,1500
Lluis Miralles,1483.23763974541,1483.23763974541,1500.0,1500.0,1500
Raphael Calzi,1483.237440615287,1483.2863578652834,1500.0,1500.0,1500
Gillian Osmont,1483.235702968777,1484.0,1500.0,1500.0,1500
Wojciech Marek,1483.2298601853572,1483.2298601853572,1500.0,1500.0,1500
Thabo Ncube,1483.2298601853572,1500.0,1484.0,1500.0,1500
Gilles Simon,1483.2264561487991,1489.2386198133468,1444.0431279875422,1447.8087635500594,1500
Petros Chrysochos,1483.2166200957756,1483.948976053273,1500.0,1500.0,1500
Marcelo Demoliner,1483.1886624505466,1483.1919914658836,1500.0,1500.0,1500
Kodjo Charles Alipoe Tchotchodji,1483.1740019348276,1484.0,1500.0,1500.0,1500
Matyas Fuele,1483.170630269342,1500.0,1483.6220249808932,1500.0,1500
Karlis Ozolins,1483.0849861491072,1483.9321897461034,1500.0,1500.0,1500
Jack Sock,1483.0325622488529,1478.62066312524,1469.5823099298364,1526.2616799476436,1500
Johannes Ingildsen,1483.0271566922677,1500.0338330211207,1500.0,1484.736306793522,1500
Liam Draxl,1483.015250482263,1497.6487720982138,1483.263693206478,1500.0,1500
Martin Cuevas,1483.0023132255933,1500.0,1484.0526392856148,1500.0,1500
Patrick Zahraj,1482.9537774093867,1500.0,1483.164725997427,1500.0,1500
Faris Zakaryia,1482.9255852607048,1516.0,1468.1520781670265,1500.0,1500
Moise Kouame,1482.8939527788507,1490.022326865521,1479.6134104602497,1500.0,1500
Hernan Casanova,1482.8785577745668,1500.0,1484.0,1500.0,1500
Alan Fernando Rubio Fierros,1482.8225243626694,1499.1391449876528,1483.3605178369924,1500.0,1500
Riccardo Bonadio,1482.7770170396782,1500.0,1481.9927586157262,1500.0,1500
Nathan Anthony Barki,1482.7287041525817,1483.5246759181155,1500.0,1500.0,1500
Antoine Escoffier,1482.6669780117884,1482.1470608058403,1500.0,1500.0,1500
Patrik Niklas Salminen,1482.5974813200294,1482.701935152416,1500.0,1500.0,1500
Emilio Camacho,1482.5866833452412,1500.0,1484.4120774522019,1500.0,1500
Tao Mu,1482.5650072512688,1484.8183758281582,1500.0,1500.0,1500
Yannik Alvarez,1482.5641271217237,1484.0,1500.0,1500.0,1500
Leonardo Mayer,1482.5386081100542,1500.0,1483.263693206478,1500.0,1500
David Ekpenyong,1482.5294710670073,1484.6701768981773,1500.0,1500.0,1500
Jean Paul Kadangah Kili,1482.5289501297439,1482.5289501297439,1500.0,1500.0,1500
Akram El Sallaly,1482.4984275414456,1482.5304984710244,1500.0,1500.0,1500
Juan Alejandro Hernandez Serrano,1482.4465492663785,1481.1804422291227,1500.0,1500.0,1500
Mehluli Don Ayanda Sibanda,1482.4347417867857,1500.0,1484.0,1500.0,1500
Luka Mikrut,1482.3930071378652,1500.0,1482.3334902050656,1500.0,1500
Siddharth Vishwakarma,1482.3286635814643,1484.6475876391185,1500.0,1500.0,1500
Ethan Denzel Sibanda,1482.323751557165,1484.736306793522,1500.0,1500.0,1500
Dane Sweeny,1482.2106396939864,1475.1942141648458,1500.0,1500.0,1500
Johan Nikles,1482.1999399378985,1500.0,1483.7391986775604,1500.0,1500
Joris De Loore,1482.1991315032767,1483.4368130071218,1500.0,1500.0,1500
Sandro Ehrat,1482.0784727901141,1500.0,1484.0,1500.0,1500
Lukas Hellum Lilleengen,1482.0717044745265,1483.0322018781665,1500.0,1500.0,1500
Adrian Andreev,1482.0062325696158,1483.00298860088,1500.0,1500.0,1500
Lautaro Midon,1481.8511139732436,1500.0,1485.0175774116838,1500.0,1500
Yannick Languina,1481.6864600631438,1500.0,1500.0,1484.0339081301693,1500
James Ward,1481.5331891141818,1500.0,1500.0,1483.263693206478,1500
Raul Brancaccio,1481.46546496449,1500.0,1482.26627158667,1500.0,1500
Guido Andreozzi,1481.3549153591114,1491.280127558455,1488.7466513548238,1500.0,1500
Conor Gannon,1481.3504900263238,1500.0,1482.6214937408208,1500.0,1500
Danilo Petrovic,1481.2783235335198,1500.0,1484.1575858828116,1500.0,1500
Liam Krall,1481.2579609215964,1483.5316971812463,1500.0,1500.0,1500
Andrei Gorban,1481.1264785796611,1482.4969607304154,1500.0,1500.0,1500
Juan Martin del Potro,1480.9336602755957,1500.0,1487.4128518491632,1500.0,1500
Caleb Chakravarthi,1480.8615096534927,1480.6465309628604,1500.0,1500.0,1500
Alexander Sarkissian,1480.7689184100525,1482.5959851804005,1500.0,1500.0,1500
Christian Sigsgaard,1480.7604849529148,1500.0014863165054,1500.0,1484.0,1500
Andres Martin,1480.6668054676927,1474.8202576391147,1500.0,1500.0,1500
Xavier Lawrence,1480.5970661614067,1500.0,1484.9048764289646,1500.0,1500
James Trotter,1480.5020700931263,1476.7073658464687,1500.0,1500.0,1500
Erik Arutiunian,1480.482864369476,1500.0,1481.1186494001238,1500.0,1500
John Peers,1480.4666517830626,1479.958822927014,1500.0,1500.0,1500
Alejandro Moro Canas,1480.3698303124304,1484.8314718223178,1504.9079263056744,1483.29678998628,1500
Vladyslav Orlov,1480.3097627783895,1462.6079031089569,1516.0,1500.0,1500
Amir Milushev,1480.286214846619,1480.971843794469,1500.0,1500.0,1500
Stefanos Sakellaridis,1480.0968268580953,1438.6382137358924,1531.5310319711937,1500.0,1500
Manas Dhamne,1480.0953841397693,1481.163886285404,1500.0,1500.0,1500
Nerman Fatic,1480.0077750629252,1515.4483799269165,1468.5399840839254,1500.0,1500
Omar Jasika,1479.9560018960142,1476.4279159024088,1500.0,1500.0,1500
Reda Bennani,1479.5729581959479,1500.0,1483.2838754547113,1500.0,1500
Sergiy Stakhovsky,1479.4064244907772,1477.0221275101617,1500.0,1500.0,1500
Tommy Robredo,1479.1609056280322,1500.0,1481.3812194748887,1500.0,1500
Bu Yunchaokete,1479.1478865791275,1499.962048744917,1414.7987099171223,1468.8233896099414,1500
Ivo Karlovic,1479.1221806202643,1476.6086139568808,1500.0,1499.7718224476803,1500
Daniel Cukierman,1478.7047300892839,1473.1473932338345,1500.0,1500.0,1500
John Millman,1478.6053420158264,1483.8592337135076,1456.7109050851982,1470.0374782010529,1500
Gerardo Lopez Villasenor,1478.577290986368,1495.6254964707377,1483.2300865891098,1500.0,1500
Aleksandar Kovacevic,1478.571044444946,1495.5610996553162,1384.9551554804998,1468.957128964515,1500
Francisco Comesana,1478.328486093633,1479.8800320586831,1488.3699034863273,1493.345701824839,1500
Liam Broady,1478.2755390392692,1500.515695356538,1484.0342716340504,1456.0695947539668,1500
Arjun Kadhe,1477.9624055796007,1482.4900970910842,1500.0,1500.0,1500
Yuki Bhambri,1477.880364889551,1464.0243832660058,1500.0,1516.0,1500
Ivan Gakhov,1477.8578780046314,1500.0,1468.0435095411208,1500.0,1500
Vasek Pospisil,1477.8400659312463,1464.9410410179655,1500.0,1486.6074878467418,1500
Mattia Bellucci,1477.667971821523,1475.8117819705421,1465.0188734494477,1496.9726548082933,1500
Martins Rocens,1477.655301500209,1475.1571117480912,1500.0,1500.0,1500
Facundo Mena,1477.3176626385784,1481.446017297129,1500.0,1500.0,1500
Gonzalo Bueno,1477.2773292719953,1457.2053781927068,1520.0332960501396,1500.0,1500
Antoine Hoang,1476.3168307027445,1470.8077456186713,1500.0,1500.9285974151696,1500
Laslo Djere,1476.0798827269493,1475.3218772058947,1588.5518045804452,1434.9046236178333,1500
Luke Saville,1476.0497299820302,1472.150426363404,1500.0,1500.0,1500
Marius Copil,1476.003778345536,1508.6893315317552,1466.2676824744537,1500.0,1500
Facundo Diaz Acosta,1475.740510705861,1466.278716106839,1502.6137798292825,1486.4291614846716,1500
Joao Menezes,1475.6539614688295,1484.8629831955293,1484.0,1500.0,1500
Mate Valkusz,1475.3467755063778,1462.758968867567,1503.3084851460978,1500.0,1500
Lucas Catarina,1475.295336113811,1484.0,1483.8892552374498,1500.0,1500
Robin Haase,1475.0009262231333,1475.6044003912207,1511.7063704024383,1485.6874846569974,1500
Carlos Taberner,1474.8479170517394,1466.6964992552082,1492.6437041638867,1481.265957460878,1500
Matteo Martineau,1474.8050546413872,1485.4792605624584,1500.0,1485.7401366856168,1500
Joao Lucas Reis Da Silva,1474.6928962873164,1483.219065701679,1486.0969738275912,1500.0,1500
Alexandar Lazarov,1474.2750423109464,1454.0955366199423,1516.0,1500.0,1500
Mubarak Shannan Zayid,1473.9802516644902,1472.6980472640312,1500.0,1500.0,1500
Daniel Altmaier,1473.901986244482,1476.6448731597088,1464.5370719152281,1428.13672102266,1500
Isaac Becroft,1473.5724525502358,1472.6960854460888,1500.0,1500.0,1500
Ugo Blanchet,1473.3469108823244,1476.6796268626103,1484.0041211840146,1500.0,1500
Alan Magadan,1473.2002832442552,1476.8486499541523,1500.0,1500.0,1500
Gabi Adrian Boitan,1473.097378629668,1498.9759205447137,1467.4953596435462,1500.0,1500
Joel Schwaerzler,1472.881851069859,1495.708782742967,1471.926977687833,1500.0,1500
Sebastian Ofner,1472.8809127768193,1436.3641828478433,1526.7138564665604,1500.0327488214662,1500
Muhammad Shoaib,1472.8455927644377,1485.82262663978,1483.929663502517,1498.6863006552592,1500
Damir Dzumhur,1472.6066795511254,1418.0433199412828,1537.6219488370612,1452.351407192087,1500
Henry Bernet,1472.4987166543622,1473.7091178447124,1500.0,1500.0,1500
Elias Ymer,1472.2167237285335,1510.1268429172178,1439.5276176217803,1474.242794481043,1500
Sasi Kumar Mukund,1471.5623550455275,1485.788742755446,1500.0,1484.0,1500
Kimmer Coppejans,1471.2521359978641,1478.9729375797483,1500.0,1489.269904940805,1500
Vitaliy Sachko,1471.1563913624452,1509.488203508214,1446.0970550708935,1500.0,1500
Francesco Maestrelli,1471.0015822437863,1481.9029863615635,1485.1885844337494,1500.0,1500
Charles Broom,1470.8863505868308,1500.0,1500.0,1470.3768650609932,1500
Gregoire Barrere,1470.7843808388568,1427.2803975070965,1464.734348657168,1509.5318514610403,1500
Skander Mansouri,1470.6414648255727,1466.1030006107896,1500.7053706838194,1500.0,1500
Federico Agustin Gomez,1470.6032937097877,1484.437961642981,1478.0072409041725,1500.0,1500
Murkel Alejandro Dellien Velasco,1470.5336629049195,1473.1818084049964,1497.2049240638673,1500.0,1500
Eduardo Nava,1470.3700201329511,1485.9612989020509,1486.2300186043276,1500.0,1500
Clement Chidekh,1470.3197849280239,1469.336169059159,1500.0,1500.0,1500
Ignacio Parisca,1470.1364263676126,1468.736306793522,1500.0,1500.0,1500
Strong Kirchheimer,1469.9582118838068,1473.1469640333748,1500.0,1500.0,1500
Michael Bassem Sobhy,1469.847844704442,1500.0,1468.736306793522,1500.0,1500
Benjamin Hassan,1469.817783094197,1448.7810653782344,1509.4210703318133,1500.0,1500
Amr Elsayed Abdou Ahmed Mohamed,1469.783878688226,1485.2231247144555,1482.7538565009731,1500.0,1500
Daniel Masur,1469.739544608293,1484.0,1500.0,1484.7783127028122,1500
Stefan Kozlov,1469.72384288021,1482.7900120020543,1500.0,1468.2695882166013,1500
Noah Rubin,1469.5909459960087,1468.5249766485417,1500.0,1500.0,1500
Bradley Klahn,1469.5561126619937,1470.6937213976075,1500.0,1500.0,1500
Bjorn Fratangelo,1469.4162072930446,1480.9501550932357,1478.644126549143,1500.0,1500
Lucky Candra Kurniawan,1469.3382560528353,1484.736306793522,1484.0407534422773,1500.0,1500
Adam Moundir,1469.3111473187694,1483.6274726196848,1484.006670834097,1500.0,1500
Courtney John Lock,1469.2289052087563,1469.2044608713525,1500.0,1500.0,1500
Marko Mesarovic,1469.1407495169844,1469.8932074709378,1500.0,1500.0,1500
Daniil Glinka,1469.1230419509159,1466.2356204459036,1500.0,1500.0,1500
David Agung Susanto,1468.8521770224022,1500.0,1500.0,1468.8052587330405,1500
Tsung Hao Huang,1468.7597164663628,1468.8721301675766,1500.0,1500.0,1500
Thanapet Chanta,1468.736306793522,1500.0,1468.736306793522,1500.0,1500
Frederico Ferreira Silva,1468.7347399484393,1468.7347399484393,1500.0,1500.0,1500
Mees Rottgering,1468.6286167408791,1467.6550501551053,1500.0,1500.0,1500
Pavel Kotov,1468.5986418476975,1442.7843431778867,1520.2963812559753,1500.3369408202723,1500
Mikael Torpegaard,1468.5138932663087,1485.4411296402827,1500.0,1484.0,1500
Trevor Svajda,1468.5138161147604,1464.8858491662324,1500.0,1500.0,1500
Alec Beckley,1468.452827538024,1483.9816351021616,1483.7434505425133,1500.0,1500
Petar Jovanovic,1468.4060775370597,1471.381955574839,1500.0,1500.0,1500
Valentin Royer,1468.37260311301,1461.5588577862625,1467.992642984844,1503.3842224263701,1500
Mathias Bourgue,1468.2449539795098,1483.6066568564906,1483.356878545895,1500.0,1500
Yunseong Chung,1468.2341093960551,1484.3685177300013,1500.0,1484.9951500586644,1500
John Patrick Smith,1468.179644601757,1468.179644601757,1500.0,1500.0,1500
Thomaz Bellucci,1468.138690284192,1484.0,1489.2969339669874,1500.0,1500
Paolo Lorenzi,1467.9479458080789,1484.0,1500.0,1484.0,1500
Linh Giang Trinh,1467.933926682992,1468.7024671725246,1500.0,1500.0,1500
Tsz Fu Wong,1467.932196400156,1467.7973609357173,1500.0,1500.0,1500
Amit Vales,1467.8294344194,1467.3259325502104,1500.0,1500.0,1500
Muzammil Murtaza,1467.7210737833418,1485.2264388620115,1456.465008471043,1516.7023986633528,1500
Steve Johnson,1467.6882952920323,1442.2635439085343,1494.4205665906848,1518.4327724024606,1500
Lukas Rosol,1467.6495564739328,1482.241265335912,1500.0,1484.7606366737712,1500
Ricardo Rodriguez,1467.5711628135407,1468.527404795357,1500.0,1500.0,1500
Elliot Benchetrit,1467.4297123111799,1531.263693206478,1428.4065226727232,1500.0,1500
Alex Barrena,1467.3803901773315,1500.0,1467.3270958749715,1500.0,1500
Davis Rolis,1467.3514808471696,1468.7040225341211,1500.0,1500.0,1500
Thai Son Kwiatkowski,1467.2676215075294,1465.2115435832793,1500.0,1500.0,1500
Lorenzo Giustino,1467.2561143383055,1484.8455091186488,1483.2410134578706,1500.0,1500
Karl Friberg,1467.2080613348292,1468.559832580847,1500.0,1500.0,1500
Enmanuel Munoz,1467.1174383180505,1484.0,1483.3034209302432,1500.0,1500
Juan Carlos Fuentes Vasquez,1467.0330835599,1482.3073864357186,1484.0,1500.0,1500
Menelaos Efstathiou,1466.9031117412908,1484.0,1484.0,1500.0,1500
Edan Leshem,1466.781711364995,1468.223892520499,1500.0,1500.0,1500
Dominic Thiem,1466.6608046642707,1501.5642629537892,1494.571384584737,1441.8269006195871,1500
Stefano Napolitano,1466.6285990831927,1482.940349387072,1490.8744341275074,1489.402970301498,1500
Nicolas Alvarez,1466.6141191140323,1500.0,1469.6627296170932,1500.0,1500
Nick Chappell,1466.2671011624557,1468.3698184800742,1500.0,1500.0,1500
Andrea Collarini,1466.0691508367352,1500.0,1467.5674321241515,1500.0,1500
Ivan Ivanov,1466.0507557162798,1487.0721863220256,1465.201313482791,1500.0,1500
Jiri Vesely,1465.7589270480532,1488.9043229268768,1409.4228201150918,1511.7387798603293,1500
Gian Marco Moroni,1465.6004759603377,1482.9491709993242,1481.9436903222957,1500.0,1500
Laurent Lokoli,1465.5828468550244,1469.461836727582,1500.0,1483.1524501009571,1500
Nicolas Kicker,1465.5105108859282,1500.0,1466.2268694286681,1500.0,1500
Gerald Melzer,1465.27505900713,1482.5961253770984,1484.1413649267104,1500.0,1500
Nikola Milojevic,1465.2387926043057,1483.6757913210135,1484.0338147151756,1500.0,1500
Jason Jung,1464.928162066854,1451.3119368560424,1500.0,1516.3854675376551,1500
Nino Serdarusic,1464.7367788022334,1491.1628678616794,1467.9445076118288,1500.0,1500
Oleksii Krutykh,1464.5328903973837,1457.838424403234,1501.56098925571,1500.0,1500
Alexander Ritschard,1464.4195942302026,1513.696212324264,1455.8253365700502,1486.7436292805726,1500
Calvin Hemery,1464.3166847516543,1481.0334277397858,1484.0,1500.0,1500
Hady Habib,1464.2671004276067,1464.587004367431,1498.7315115359925,1500.0,1500
Justin Engel,1464.1449423275621,1483.3262859390127,1467.8594902316156,1500.7009056450215,1500
Colton Smith,1463.7823148985044,1457.3568355900347,1502.9803581502335,1500.0,1500
Nicolas Jadoun,1463.6740815037404,1500.0,1500.0,1467.2358197027681,1500
Henri Squire,1463.5427395076897,1486.705764443717,1504.015757289247,1456.0510464953322,1500
Petros Tsitsipas,1462.9881777439718,1468.5328919684373,1486.068120517739,1500.0,1500
Rudolf Molleker,1462.614777369665,1500.0,1467.7297527277435,1484.0,1500
Matej Dodig,1462.5912632959291,1478.5560966188316,1487.263392656877,1500.0,1500
Aziz Dougaz,1461.7537888572176,1464.6464594297565,1501.953257230348,1500.0,1500
Daniel Michalski,1461.6476055715193,1460.0078309290973,1500.0,1500.0,1500
Martin Landaluce,1461.4506665182494,1515.2963002387435,1401.3003986724443,1500.0,1500
Joaquin  Aguilar Cardozo ,1461.017171625552,1470.0341011330424,1492.6500602850788,1500.0,1500
Henry Searle,1460.6571692137643,1500.0,1500.0,1455.5057606811831,1500
Sebastian Dominko,1460.6314002886195,1502.3741678794204,1454.1721796717984,1500.0,1500
Filip Krajinovic,1460.474220087503,1465.0984311846687,1461.8006631865085,1546.3616873925605,1500
Daniel Rincon,1460.2205248095506,1500.0,1459.304566976166,1500.0,1500
Kevin Anderson,1459.7555977180564,1385.6050837425396,1497.0021895313278,1582.7848990165014,1500
Richard Gasquet,1459.7184788835214,1457.469615123644,1456.6308923711745,1465.53529349679,1500
Federico Cina,1459.677674652254,1488.2674919943233,1461.1703913718168,1500.0,1500
Cedrik Marcel Stebe,1459.4261219076345,1486.3802597979982,1483.0266384648892,1485.3153300177203,1500
Andrey Kuznetsov,1459.4080773601668,1485.1731518727902,1473.9149532101742,1500.0,1500
Philipp Kohlschreiber,1458.914710716002,1462.2513502171544,1486.3358329243615,1502.0362487878774,1500
Nicolas Moreno De Alboran,1458.4237292185167,1447.0046002079146,1481.5318171634171,1500.0,1500
Viktor Troicki,1458.4019827985585,1468.0,1482.784030861621,1500.0,1500
J J Wolf,1458.2935017776988,1451.1590906575982,1487.3115205133433,1507.3923681107844,1500
Yshai Oliel,1458.2880523962576,1458.022184416847,1500.0,1500.0,1500
Francisco Llanes,1457.916977624099,1468.754891358724,1484.0387458101022,1500.0,1500
Leo Borg,1457.4829035763037,1448.1824975239738,1493.882232313298,1500.0,1500
Mili Poljicak,1457.4261494299083,1500.0,1456.0021066337295,1500.0,1500
Illya Marchenko,1456.8925160472688,1476.7574679137258,1500.0,1468.7055119299355,1500
Alexis Klegou,1456.6692638023496,1456.507597814908,1500.0,1500.0,1500
Aleksandre Metreveli,1456.349399736684,1452.846768737864,1500.0,1500.0,1500
Kacper Zuk,1456.181956685419,1476.461943996742,1482.501031155688,1500.0,1500
Sho Shimabukuro,1456.1555611916306,1450.5894892686554,1500.0,1484.2216849096542,1500
Rei Sakamoto,1455.8603634920546,1452.8960575755832,1500.0,1500.0,1500
Jaime Faria,1455.631186739303,1484.3593358627763,1464.7821282955103,1484.3786320801748,1500
Billy Harris,1455.4966497299908,1405.9986751062095,1484.4842467614455,1514.0077590598669,1500
Alexey Vatutin,1455.4826118925596,1464.4993558321805,1481.4740041509683,1500.0,1500
Younes Lalami Laaroussi,1455.4388365026982,1500.0,1457.168664453981,1500.0,1500
Federico Zeballos,1454.994193242869,1454.9958553268402,1500.0,1500.0,1500
Maximilian Marterer,1454.9840119008443,1458.6319671498502,1452.1475334375293,1488.97906240047,1500
Benjamin Lock,1454.9743800496778,1470.1376502609573,1484.0,1500.0,1500
Aleksa Krivokapic,1454.1259172793714,1453.9232546781582,1500.0,1500.0,1500
George Loffhagen,1454.088641320361,1500.0,1500.0,1437.4690068915618,1500
Jose Rubin Statham,1453.8064049870202,1484.620590903017,1500.0,1470.0768437421082,1500
Yuichi Sugita,1453.4436750169405,1457.686732702299,1500.0,1487.293795278304,1500
Dimitar Kuzmanov,1453.4142993462717,1472.5685931512166,1477.056923839956,1500.0,1500
Wishaya Trongcharoenchaikul,1453.408122512539,1469.4695015289756,1483.9355529628124,1500.0,1500
Radu Albot,1453.3558106771318,1478.9257957390193,1477.6355305508698,1403.2684129372103,1500
Orel Kimhi,1453.1935750568762,1453.331328944773,1500.0,1500.0,1500
Gonzalo Lama,1452.9736199115737,1484.0,1469.2511477493413,1500.0,1500
Gustavo Heide,1452.7051994711471,1487.4096210883436,1448.5270324500048,1500.0,1500
Ji Sung Nam,1452.68169279378,1436.9079411042194,1500.0,1516.0,1500
Fajing Sun,1452.3425354723995,1464.590456477461,1484.0,1500.0,1500
Alessandro Giannessi,1451.7485251558148,1500.0,1453.5353489165575,1500.0,1500
Renzo Olivo,1451.3247801709645,1482.8037593700112,1469.460293782134,1500.0,1500
Ernests Gulbis,1451.232980124309,1467.9323273572415,1481.7776659857532,1500.0,1500
Branko Djuric,1451.1701076891973,1465.7817923924395,1484.0,1500.0,1500
Aziz Ouakaa,1451.1125370310347,1436.1033122019796,1516.0,1500.0,1500
Guido Pella,1451.0225534884898,1463.2994270035229,1431.2047911397403,1469.4460204319892,1500
Nicola Kuhn,1450.8922032634443,1500.0,1477.5959802455995,1468.858022305618,1500
Patrick Agbo Panzo,1450.6216534392552,1452.3869774130794,1500.0,1500.0,1500
Martin Antonio Vergara Del Puerto,1450.5664889555599,1500.0,1451.3058947698416,1500.0,1500
Kristjan Tamm,1449.2672608695157,1482.39987526519,1467.7052930210598,1500.0,1500
Mirza Basic,1448.7461546067836,1458.930458448345,1488.5989650788508,1500.0,1500
Andrej Martin,1448.3453910998069,1455.6299054847416,1473.717230106332,1500.0,1500
Max Hans Rehberg,1447.7060987120433,1500.0,1440.2627627501233,1500.0,1500
Thomas Fabbiano,1447.6127338798926,1473.0090728072691,1467.3660976596398,1500.0,1500
Mitchell Krueger,1446.4692433381515,1443.073717330777,1487.578398248165,1491.0629956924301,1500
Federico Gaio,1446.3324271067802,1456.5274562039344,1485.6563678700381,1500.0,1500
Facundo Bagnis,1445.9877713694596,1440.4255563535921,1464.618283429973,1467.4839895196294,1500
Andrej Nedic,1445.6682923958128,1484.6651737981165,1452.8217878262703,1500.0,1500
Malek Jaziri,1444.8754868497372,1423.6585747704487,1513.787343080862,1500.0,1500
Lukas Klein,1443.8147551940767,1431.3313823043534,1483.8200578249273,1482.878487125658,1500
Harold Mayot,1443.429059438959,1458.6520150243107,1487.010715410956,1481.7830313323723,1500
Thiago Monteiro,1441.8024492300137,1421.1718709670092,1486.4815748869382,1441.0471124395774,1500
Eero Vasa,1441.6861855560273,1447.8135798621524,1487.837315562156,1500.0,1500
Lucas Pouille,1440.571097017315,1454.4794244281486,1415.355906087355,1495.12768578546,1500
Roberto Quiroz,1440.363650759419,1442.6381879714131,1500.0,1500.0,1500
Fabio Fognini,1439.695694638987,1416.30198546884,1490.3263072640734,1477.8540779764783,1500
Emilio Gomez,1439.4834102705263,1455.4131698665803,1469.5653229053714,1500.0,1500
Zachary Svajda,1439.325688629062,1456.528502929297,1483.2607535940704,1481.337793881057,1500
Dusan Lajovic,1439.1405933001467,1475.6561550858323,1446.2466418644426,1431.3356492793848,1500
Viktor Durasovic,1438.9063354633217,1427.0345896087797,1501.9756588470796,1500.0,1500
Pierre Hugues Herbert,1438.6597055648235,1491.0268500838165,1420.4543636394264,1469.6149940939986,1500
Tristan Schoolkate,1438.5922061936737,1437.146829332413,1487.8456360880728,1486.0477921433783,1500
Sergey Fomin,1438.5065998273058,1438.7623000805258,1500.0,1500.0,1500
Pablo Cuevas,1438.348993311515,1481.803935103687,1459.8897275472063,1483.2667380470264,1500
Norbert Gombos,1438.3406549186334,1417.3968214789097,1490.8906634283483,1467.363367850507,1500
Ignacio Carou,1438.1547793885682,1500.0,1441.236416699822,1500.0,1500
Nicolas Mejia,1437.987624618033,1350.7339147629204,1547.6615747612702,1500.0,1500
Gunawan Trismuwantara,1437.5055648457985,1484.0,1483.270853239825,1467.2341102093637,1500
Rowland Phillips,1436.9296739131987,1453.807505000884,1481.861734152009,1500.0,1500
Enzo Couacaud,1436.7333271947946,1486.2361443449677,1469.0499530023958,1468.0977741153001,1500
Filip Cristian Jianu,1436.5694929053107,1451.8872392905882,1487.304925442178,1500.0,1500
Attila Balazs,1436.3539804030565,1465.6452786258728,1473.230380846649,1488.0345778113094,1500
Evgeny Donskoy,1435.7322048748351,1442.7433745227404,1500.0,1484.0,1500
Seong Chan Hong,1435.5294457586215,1425.0747901054851,1500.0,1500.0,1500
Yasutaka Uchiyama,1435.1339822358682,1462.6460064578998,1484.8349194240511,1468.1640814354882,1500
Borna Coric,1434.833639142728,1453.7092192073087,1512.6690037562619,1461.4507709062634,1500
Francesco Passaro,1433.9591648205226,1436.470425087258,1458.6197764963874,1500.0,1500
Dragos Nicolae Madaras,1433.9354636019732,1443.2703803987793,1484.1009007994876,1500.0,1500
Cem Ilkel,1433.657412953997,1469.8287132856663,1452.193103165005,1500.0,1500
James Duckworth,1433.6336843703223,1424.0402541447272,1429.5961699997886,1471.684802616209,1500
Marco Cecchinato,1433.298474914275,1389.9340105327742,1487.8120988131527,1452.8024785346604,1500
Aljaz Bedene,1432.7688766947458,1464.3763501726344,1493.5784851366539,1459.5375919291796,1500
Marc Polmans,1432.4188517672158,1434.4518646322767,1502.4782552987929,1483.4307229403364,1500
Geoffrey Blancaneaux,1432.1781195264266,1442.3872946529868,1484.1300358672534,1500.0,1500
Denis Istomin,1430.2257694021137,1440.4902145925885,1483.2027607237462,1500.0,1500
Egor Gerasimov,1429.4330716176473,1415.459840833978,1460.5380374761398,1498.629059229532,1500
Felipe Meligeni Alves,1427.8241013197714,1481.0405325861334,1451.5508237158879,1481.9429119023048,1500
Yen Hsun Lu,1427.5510277537553,1465.4656076535928,1484.457982681954,1468.736306793522,1500
Steven Diez,1427.2135614829608,1464.8057734542617,1452.6022860226437,1500.0,1500
Patrick Kypson,1427.0768159301897,1472.3567287491264,1450.1251107437695,1500.0,1500
James Mccabe,1426.567586934202,1444.5071705262778,1500.0,1465.939193014613,1500
Peter Gojowczyk,1426.507708455613,1449.9994748358183,1454.9173610871887,1502.694541690193,1500
Andreas Seppi,1426.4145396326296,1432.6412216814806,1484.1806903839886,1497.9407885348214,1500
Ajeet Rai,1425.9664309810105,1428.817089828651,1500.0,1500.0,1500
Dmitry Popko,1425.8562154113267,1440.5776893801417,1481.179328320633,1500.0,1500
Juan Pablo Varillas,1425.6877950514374,1410.7452352269331,1509.2680122072843,1483.3258750757918,1500
Zura Tkemaladze,1425.5371457681824,1427.0276950644834,1500.0,1500.0,1500
Diego Schwartzman,1425.2762121334076,1470.1106119808003,1465.184090196571,1490.893931644972,1500
Kyle Edmund,1424.9451956250186,1455.2128850250356,1454.9314001567773,1500.0,1500
Pedro Martinez,1424.8891079584344,1404.702338980355,1476.0763006003594,1445.6413305569931,1500
Gianluca Mager,1424.382479362822,1428.9914953638197,1491.5223640888362,1500.1804024335017,1500
Michail Pervolarakis,1422.322052112465,1430.5092867671826,1484.0,1500.0,1500
Brayden Schnur,1422.1528514505976,1440.273695269115,1500.0,1484.0,1500
Hugo Grenier,1421.3911292437347,1423.2358695221353,1455.7550952208233,1499.33113497594,1500
Kiranpal Pannu,1420.6622026019988,1417.1002337661632,1500.0,1500.0,1500
Ramkumar Ramanathan,1419.541580060899,1376.742829588577,1500.0,1546.593513158872,1500
Oscar Otte,1419.3410909188751,1405.479643266575,1485.7281713672617,1518.46768362425,1500
Jan Choinski,1419.0084919088977,1449.331315076165,1474.7792317591686,1455.8206020619918,1500
Federico Coria,1418.9850375080307,1335.3674284269152,1481.7660668798794,1439.9521434782591,1500
Sam Querrey,1418.2677407775013,1376.4548439164091,1471.651104527728,1498.7965611426437,1500
Jay Clarke,1416.8768689148972,1484.574846320173,1500.0,1426.533164594987,1500
Taro Daniel,1415.0471838451133,1443.797120450732,1424.142443993764,1421.751381885885,1500
Daniels Tens,1414.3752418036322,1414.377899400606,1500.0,1500.0,1500
Abedallah Shelbayh,1409.9138612009888,1439.9155772310928,1469.5978693249856,1469.4640080591375,1500
Tennys Sandgren,1409.7238225323526,1407.3303374772604,1461.490491683443,1498.5797977004986,1500
Hugo Gaston,1408.5655872439931,1440.731880187575,1437.725016635577,1484.549332027712,1500
Marko Topo,1408.4030478289365,1482.702719867025,1412.0118081221046,1500.0,1500
Federico Delbonis,1408.3845288993673,1354.3376843727012,1482.9168752273501,1459.9731621825288,1500
Pedro Cachin,1408.0706914286577,1378.7833932454446,1458.559215980994,1475.6861846932138,1500
Ernesto Escobedo,1407.633710260013,1424.9068311245674,1469.284999093154,1500.0,1500
Denis Kudla,1407.323682654908,1421.1830954459524,1460.6086339737244,1495.8874663705903,1500
Tomas Barrios Vera,1405.577613702699,1431.7754654857533,1448.0726080065579,1485.9707314531286,1500
Cesar Cruz,1404.3774129542007,1429.7830108100497,1467.8080685676753,1500.0,1500
Sumit Nagal,1402.677690746611,1426.442163308222,1445.5189122694662,1482.0685791999858,1500
Giulio Zeppieri,1402.5240573633093,1448.4486370675133,1435.548137338125,1481.8767031317254,1500
Maxime Cressy,1401.7744062393654,1454.5486240878179,1382.8972342022882,1510.2930670770477,1500
Nikoloz Basilashvili,1401.692713982987,1415.3477337368392,1410.300222576415,1536.6698961673371,1500
Joao Sousa,1401.3075504194574,1469.144384087029,1410.0746426680446,1425.1975711819946,1500
Kaipo Marshall,1399.5174723505268,1427.0708693961699,1467.3009124852852,1500.0,1500
Li Tu,1399.1090775120908,1407.477661747992,1500.0,1468.0669653452142,1500
Pablo Andujar,1399.0719619771073,1454.761155046483,1428.41325022139,1473.1114693574593,1500
Pedro Sousa,1397.1650945650908,1456.3660605086038,1440.0779941862315,1485.01692309746,1500
Daniel Elahi Galan,1397.1369084313287,1407.2543783828662,1400.6787375217073,1522.7335489894672,1500
Albert Ramos,1393.3461551042865,1350.9192659904645,1455.4745799342347,1402.1234589491303,1500
Juan Ignacio Londero,1392.6344144200666,1468.0,1423.9660926312547,1484.0,1500
Brandon Holt,1390.3435463095639,1390.9824262224452,1484.0,1485.0036028265051,1500
Bernabe Zapata Miralles,1387.0375259483346,1332.4649897626362,1512.43537084004,1416.025584517703,1500
Henri Laaksonen,1385.9628138720598,1415.3660157319043,1469.8117560627584,1485.3126050099618,1500
Jo-Wilfried Tsonga,1382.6814748914037,1458.2899628438902,1426.1134282451303,1468.0,1500
Marc Andrea Huesler,1380.8694359274891,1439.574340541914,1387.787243655924,1451.1286226143773,1500
Stefano Travaglia,1379.4553234553082,1458.8168095814913,1402.7450858803754,1467.3944387695792,1500
Hugo Dellien,1379.1097939628623,1405.6677645279508,1421.581049090212,1459.5990989318666,1500
Mikhail Kukushkin,1371.3729287503477,1399.109324299292,1441.0995891065668,1455.1749044153778,1500
Shintaro Mochizuki,1371.2905243991956,1354.8959275265963,1490.9542645940885,1460.148947104701,1500
Constant Lestienne,1366.600390943192,1410.978200938009,1435.0005144501033,1425.631066435217,1500
Dennis Novak,1360.057444129413,1404.1189429934573,1444.5821076246118,1469.4570001591987,1500
Feliciano Lopez,1356.5114557559398,1388.8285596687926,1415.6724516146837,1454.4446987680203,1500
Salvatore Caruso,1346.8982970473016,1434.6499902295163,1390.7229951097142,1472.5042063256817,1500
Chun Hsin Tseng,1337.231402290178,1349.8665773377904,1446.0435023851528,1451.348432219939,1500
Fernando Verdasco,1332.4617684053187,1374.419593308343,1448.0396005665173,1469.9224450012846,1500
Benoit Paire,1319.2019366919426,1399.7285510522559,1340.355009055514,1446.473311837524,1500
